{
  "success": true,
  "message": "''",
  "result": {
    "Bid": 2.05670368,
    "Ask": 3.35579531,
    "Last": 3.35579531
  }
}
